SET FOREIGN_KEY_CHECKS=0;
SET SQL_MODE = "NO_AUTO_VALUE_ON_ZERO";
SET time_zone = "+00:00";

/*!40101 SET @OLD_CHARACTER_SET_CLIENT=@@CHARACTER_SET_CLIENT */;
/*!40101 SET @OLD_CHARACTER_SET_RESULTS=@@CHARACTER_SET_RESULTS */;
/*!40101 SET @OLD_COLLATION_CONNECTION=@@COLLATION_CONNECTION */;
/*!40101 SET NAMES utf8 */;


DROP TABLE IF EXISTS opciones;
CREATE TABLE IF NOT EXISTS opciones (
  id bigint(20) NOT NULL AUTO_INCREMENT,
  desc_opcion varchar(200) DEFAULT NULL,
  eliminado tinyint(4) NOT NULL DEFAULT '0',
  estado_opcion varchar(1) NOT NULL,
  id_padre bigint(20) DEFAULT NULL,
  id_tipo_opcion varchar(10) DEFAULT NULL,
  nombre_opcion varchar(100) NOT NULL,
  url varchar(300) DEFAULT NULL,
  cls varchar(100) DEFAULT NULL,
  controlador varchar(200) DEFAULT NULL,
  orden varchar(3) DEFAULT NULL,
  PRIMARY KEY (id)
) ENGINE=InnoDB  DEFAULT CHARSET=latin1 AUTO_INCREMENT=49 ;

INSERT INTO opciones (id, desc_opcion, eliminado, estado_opcion, id_padre, id_tipo_opcion, nombre_opcion, url, cls, controlador, orden) VALUES
(1, 'Inicio', 0, 'A', NULL, 'M', 'Inicio', '/crm', 'icon-home icon-white', 'dashboard', '01'),
(2, 'Prospectos', 0, 'A', NULL, 'M', 'Prospectos', '/crm/Prospecto/index?sort=fechaApertura&order=desc', 'icon-briefcase icon-white', 'prospecto', '02'),
(3, 'Oportunidades', 0, 'A', NULL, 'M', 'Oportunidades', '/crm/Oportunidad/index?sort=fechaApertura&order=desc', 'icon-eye-open icon-white', 'oportunidad', '03'),
(4, 'Clientes', 0, 'A', NULL, 'M', 'Clientes', '/crm/empresa/index/2?layout=main&sort=razonSocial', 'icon-star icon-white', 'empresa', '06'),
(5, NULL, 0, 'A', NULL, 'M', 'Contactos', '/crm/contacto/index?layout=main', 'fa-icon-group', 'contacto', '05'),
(6, 'Pedidos', 0, 'A', NULL, 'M', 'Pedidos', '/crm/pedido/index?&sort=fechaApertura&order=desc', 'icon-edit icon-white', 'pedido', '04'),
(7, 'Productos', 0, 'A', NULL, 'M', 'Productos', '/crm/Producto/index', 'icon-gift icon-white', 'producto', '09'),
(8, NULL, 0, 'A', NULL, 'M', 'Parametrización', '/crm/Parametro/index', 'icon-cog icon-white', 'parametro', '12'),
(9, NULL, 0, 'A', NULL, 'M', 'Lineas', '/crm/Linea/index', 'fa-icon-money icon-white', 'linea', '09'),
(10, 'Territorios', 0, 'A', NULL, 'M', 'Territorios', '/crm/Territorio/index?layout=main', 'icon-road icon-white', 'territorio', '11'),
(11, 'Oportunidad SC', 0, 'A', NULL, 'D', 'Posibilidad', '/crm/Posibilidad/index', 'fa-icon-money icon-white', 'posibilidad', NULL),
(12, NULL, 0, 'A', NULL, 'M', 'Empleados', '/crm/empleado/Index', 'icon-user icon-white', 'empleado', '10'),
(13, 'Valor Parametro', 0, 'A', NULL, 'D', 'Valor Parametro', '/crm/ValorParametro/index', NULL, 'valorParametro', NULL),
(14, 'Items de Oportunidades ', 0, 'A', NULL, 'D', 'Items de Oportunidad', '/crm/ElementoPorOportunidad/index', NULL, 'elementoPorOportunidad', NULL),
(15, NULL, 0, 'A', NULL, 'D', 'Actividades', '/crm/Actividad/index', NULL, 'actividad', NULL),
(16, NULL, 0, 'A', NULL, 'D', 'Propuestas', '/crm/Propuesta/index', NULL, 'propuesta', NULL),
(17, NULL, 0, 'A', NULL, 'D', 'Registro Oportunidades', '/crm/RegistroOportunidad', NULL, 'registroOportunidad', NULL),
(18, 'Listar Sedes', 0, 'A', NULL, 'D', 'Listar Sedes', '/crm/empresa/listarSedes,', '', 'empresa', ''),
(19, 'Listar Contactos', 0, 'A', NULL, 'D', 'Listar Contactos', '/crm/contacto/listarContactos,', '', 'contacto', ''),
(20, NULL, 0, 'A', NULL, 'D', 'Sublineas', '/crm/sublinea/index', NULL, 'sublinea', NULL),
(21, NULL, 0, 'A', NULL, 'D', 'Det Territorios', '/crm/territorio/detTerritorio', NULL, 'territorio', NULL),
(22, 'Vencimientos x Emp', 0, 'A', NULL, 'M', 'Vencimientos x Emp', '/crm/EncVencimiento/index', 'fa-icon-check icon-white', 'encVencimiento', '07'),
(23, NULL, 0, 'A', NULL, 'D', 'Det Pedidos', '/crm/detPedido/index/', NULL, 'detPedido', NULL),
(24, NULL, 0, 'A', NULL, 'D', 'Anexos', '/crm/Anexo/index', NULL, 'anexo', NULL),
(25, NULL, 0, 'A', NULL, 'D', 'Factura', '/crm/factura/index', NULL, 'factura', NULL),
(26, NULL, 0, 'A', NULL, 'D', 'Det Vencimientos', '/crm/Vencimiento/index', NULL, 'vencimiento', NULL),
(27, NULL, 0, 'A', NULL, 'D', 'Auto Completar Empresa', '/crm/Empresa/autoCompletar', NULL, 'empresa', NULL),
(28, NULL, 0, 'A', NULL, 'I', 'Auto Completar Contacto', '/crm/Contacto/autoCompletar', NULL, 'contacto', NULL),
(29, NULL, 0, 'A', NULL, 'I', 'Editar Contacto Modal', '/crm/persona/index', NULL, 'persona', NULL),
(30, NULL, 0, 'A', NULL, 'D', 'Personas', '/crm/persona/index', NULL, 'persona', NULL),
(31, 'Seguridad', 0, 'A', NULL, 'M', 'Seguridad', '/crm/seguridad/index', 'icon-lock icon-white', 'seguridad', '99'),
(32, 'Clientes Potenciales', 0, 'A', NULL, 'M', 'Clientes Potenciales', '/crm/empresa/index/1?layout=main&sort=razonSocial', ' icon-briefcase icon-white', 'empresa', '06'),
(33, 'Sucursales', 0, 'A', NULL, 'M', 'Sucursales', '/crm/empresa/listarSucursales', 'fa-icon-leaf', 'empresa', '11'),
(34, 'Notas', 0, 'A', NULL, '', 'Notas', '/crm/nota/index', '', 'nota', ''),
(35, 'Solo Lectura', 0, 'A', NULL, 'D', 'Notas', '/crm/nota/indexsl', '', 'nota', ''),
(36, '', 0, 'A', NULL, 'D', 'Cambiar Password', '/crm/usuario/cambiarPwd,', '', 'usuario', ''),
(37, 'Pedidos en Compra', 0, 'A', NULL, 'M', 'Pedidos en Compra', '/crm/pedido/index?sort=fechaApertura&order=desc&estado=3', 'icon-edit icon-white', 'pedido', '04'),
(38, 'Pedidos en Financiera', 0, 'A', NULL, 'M', 'Pedidos en Financiera', '/crm/pedido/index?sort=fechaApertura&order=desc&estado=2', 'icon-edit icon-white', 'pedido', '04'),
(39, '', 0, 'A', NULL, 'M', 'Pedidos x Recibir', '/crm/pedido/index?sort=fechaApertura&order=desc&estado=pedpenreci', 'icon-edit icon-white', 'pedido', '04'),
(40, 'Definir Auditorias', 0, 'A', NULL, 'M', 'Definir Auditorias', '/crm/defLog/listarAuditables', 'icon-list-alt icon-white', 'defLog', '99'),
(41, 'Definir Campos auditables', 0, 'A', NULL, 'D', 'Definir Campos auditables', '/crm/defLog/index', '', 'defLog', ''),
(42, 'Proveedores', 0, 'A', NULL, 'M', 'Proveedores', '/crm/empresa/index/5?layout=main&sort=razonSocial', 'icon-shopping-cart icon-white', 'empresa', '08'),
(43, 'Reporte LLegada  Productos', 0, 'A', NULL, 'M', 'Reporte LLegada  Productos', '/crm/detPedido/infoLLegadas', 'icon-list-alt icon-white', 'detPedido', '99'),
(44, 'Reporte Vencimientos', 0, 'A', NULL, 'M', 'Reporte Vencimientos', '/crm/vencimiento/infoVencimiento', 'icon-list-alt icon-white', 'vencimiento', '08'),
(45, 'Recibo Mercancía', 0, 'A', NULL, 'M', 'Recibo Mercancía', '/crm/detPedido/indexg', 'icon-thumbs-up icon-white', 'detPedido', '08'),
(46, 'Todos', 0, 'A', NULL, 'M', 'Lista Vencimientos', '/crm/vencimiento/indexg', 'fa-icon-check icon-white', 'vencimiento', '07'),
(47, '', 0, 'A', NULL, 'M', 'Tácticas de Mercadeo', '/crm/tactica/index', 'icon-shopping-cart icon-white', 'tactica', '11'),
(48, 'Forecast', 0, 'A', NULL, 'M', 'Forecast', '/crm/oportunidad/indexg', 'fa-icon-signal icon-white', 'Oportunidad', '04');

DROP TABLE IF EXISTS operaciones;
CREATE TABLE IF NOT EXISTS operaciones (
  id bigint(20) NOT NULL AUTO_INCREMENT,
  acciones varchar(1000) NOT NULL,
  eliminado tinyint(4) NOT NULL DEFAULT '0',
  estado_operacion varchar(1) NOT NULL,
  nombre_operacion varchar(100) NOT NULL,
  opcion_id bigint(20) DEFAULT NULL,
  PRIMARY KEY (id),
  KEY FKEAB8C1C6B2FBD22A (opcion_id)
) ENGINE=InnoDB  DEFAULT CHARSET=latin1 AUTO_INCREMENT=64 ;

INSERT INTO operaciones (id, acciones, eliminado, estado_operacion, nombre_operacion, opcion_id) VALUES
(1, 'index,show,showh,indexg,indexp,indexh,', 0, 'A', 'VER', NULL),
(2, 'create,save,', 0, 'A', 'CREAR', NULL),
(3, 'edit,update,', 0, 'A', 'MODIFICAR', NULL),
(4, 'borrar,listarBorrados,', 0, 'A', 'BORRAR', NULL),
(5, 'delete,', 0, 'A', 'DESTRUIR', NULL),
(6, 'filter,filtro,indexp,indexc', 0, 'A', 'FILTRAR', NULL),
(7, 'asignarVendedor,asignarVendedorDef,', 0, 'A', 'ASIGNAR_VENDEDOR', NULL),
(8, 'listarSedes,', 0, 'A', 'LISTAR_SEDES', 18),
(9, 'listarContactos,', 0, 'A', 'LISTAR_CONTACTOS', 19),
(10, 'detTerritorio,', 0, 'A', 'DET_TERRITORIO', 21),
(11, 'autoCompletar,', 0, 'A', 'AUTO_COMPLETAR', NULL),
(12, 'mostrarCboContacto,', 0, 'A', 'MOSTRAR_CONTACTO', NULL),
(13, 'datosContacto,', 0, 'A', 'DATOS_CONTACTO', NULL),
(14, 'index,acceso,application,personas,parametros,roles,nuevoRol,editarRol,borrarRoles,opcionesPorRol,opciones,asignarOpciones,quitarOpciones,nuevaOpcion,editarOpcion,borrarOpciones,usuariosPorRol,usuarios,asignarUsuarios,quitarUsuarios,nuevaUsuario,editarUsuario,borrarUsuarios,operacionesPorOpcion,operaciones,asignarOperaciones,quitarOperaciones,nuevaOperacion,editarOperacion,borrarOperaciones,', 0, 'A', 'ADMIN_ROLES', NULL),
(15, 'datosCliente,', 0, 'A', 'DATOS_CLIENTE', NULL),
(16, 'descalificar,descalificarDef,', 0, 'A', 'DESCALIFICAR', NULL),
(17, 'convertir,convertirDef,', 0, 'A', 'CONVERTIR_OPORTUNIDAD', NULL),
(18, 'anularPedido,anularPedidoDef,', 0, 'A', 'ANULAR_PEDIDO', NULL),
(19, 'cerrarOportunidad,cerrarOportunidadDef,', 0, 'A', 'CERRAR_OPORTUNIDAD', NULL),
(20, 'generarPedido,', 0, 'A', 'GENERAR_PEDIDO', NULL),
(21, 'cambiarDestinatarioFactura,cambiarDestinatarioFacturaDef,', 0, 'A', 'CAMBIAR_DESTINATARIO_FACTURA', NULL),
(22, 'cambiarEstadoPedido,cambiarEstadoPedidoDef,', 0, 'A', 'CAMBIAR_ESTADO_PEDIDO', NULL),
(23, 'cambiarOportunidad,cambiarOportunidadDef,', 0, 'A', 'CAMBIAR_OPORTUNIDAD', NULL),
(24, 'moverProducto,moverProductoDef,', 0, 'A', 'MOVER_PRODUCTO', NULL),
(25, 'cambiarVendedor,cambiarVendedorDef,', 0, 'A', 'CAMBIAR_VENDEDOR', NULL),
(26, 'enviarARevision,', 0, 'A', 'ENVIAR_A_REVISION', NULL),
(27, ' devolverAVendedor,', 0, 'A', 'DEVOLVER_A_VENDEDOR', NULL),
(28, 'asignarACompras,', 0, 'A', 'ASIGNAR_A_COMPRAS', NULL),
(29, 'aplicarDescuento,aplicarDescuentoDef,', 0, 'A', 'APLICAR_DESCUENTO', NULL),
(30, 'calificar,', 0, 'A', 'CALIFICAR', NULL),
(31, 'asignarVendedor,asignarVendedorDef,', 0, 'A', 'ASIGNAR_VENDEDOR', NULL),
(32, 'solicitarRegistro,solicitarRegistroDef,', 0, 'A', 'SOLICITAR_REGISTRO_OPORTUNIDAD', NULL),
(33, 'generaPedido,', 0, 'A', 'GENERAR_PEDIDO', NULL),
(34, 'listarSucursales,', 0, 'A', 'LISTAR_SUCURSALES', NULL),
(35, 'listarSedesBorradas,', 0, 'A', 'LISTAR_SEDES_BORRADAS', NULL),
(36, 'datosPerdida,', 0, 'A', 'DATOS_PERDIDA', NULL),
(37, 'listarPerdidas,', 0, 'A', 'LISTAR_PERDIDAS', NULL),
(38, 'listarGanadas,', 0, 'A', 'LISTAR_GANADAS', NULL),
(39, 'listarSedes,', 0, 'A', 'LISTAR_SEDES', NULL),
(40, 'listarContactos,', 1, 'A', 'LISTAR_CONTACTOS', NULL),
(41, 'listarContactos,', 0, 'A', 'LISTAR_CONTACTOS', NULL),
(42, 'procesarProductoCompra,procesarProductoCompraDef', 0, 'A', 'PROCESAR_PROD_COMPRA', NULL),
(43, 'enviarAAlmacen,', 0, 'A', 'ENVIAR_A_ALMACEN', NULL),
(44, 'procesarProductoAlmacen,procesarProductoAlmacenDef,', 0, 'A', 'PROCESAR_PROD_ALMACEN', NULL),
(45, 'cerrarPedidoPorCompras,', 0, 'A', 'CERRAR_PEDIDO_COMPRAS', NULL),
(46, 'cerrarPedido,', 0, 'A', 'CERRAR_PEDIDO', NULL),
(47, 'autorizarCambioPedido,autorizarCambioPedidoDef,', 0, 'A', 'AUTORIZAR_CAMBIO_PEDIDO', NULL),
(48, 'listarProveedores,', 0, 'A', 'LISTAR_PROVEEDORES', NULL),
(49, 'anularProductoPedido,', 0, 'A', 'ANULAR_PRODUCTO_PEDIDO', NULL),
(50, 'desanularProductoPedido,', 0, 'A', 'DESANULAR_PRODUCTO_PEDIDO', NULL),
(51, 'facturacionParcial,', 0, 'A', 'FACTURACION_PARCIAL', NULL),
(52, 'importarProductosPedido,importarProductosPedidoDef,', 0, 'A', 'IMPORTAR_PRODUCTOS_PEDIDO', NULL),
(53, 'exportar,exportar1,', 0, 'A', 'EXPORTAR', NULL),
(54, 'infoLLegadas,infoLLegadasDef,', 0, 'A', 'INFO_LLEGADAS', NULL),
(55, 'infoVencimiento,infoVencimientoDef,', 0, 'A', 'INFO_VENCIMIENTO', NULL),
(56, 'importarProspectos,importarProspectosDef,', 0, 'A', 'IMPORTAR_PROSPECTOS', NULL),
(57, 'reciboCompleto,reciboCompletoDef,', 0, 'A', 'RECIBO_COMPLETO', NULL),
(58, 'abrirOportunidad,', 0, 'A', 'ABRIR_OPORTUNIDAD', NULL),
(59, 'revertirConversion,', 0, 'A', 'REVERTIR_CONVERSION', NULL),
(60, 'moverPedido,moverPedidoDef,', 0, 'A', 'MOVER_PEDIDO', NULL),
(61, 'listaPendientesPorNota,', 0, 'A', 'LISTAR_OPOR_SIN_NOTAS', NULL),
(62, 'actualizarIndicadores,', 0, 'A', 'ACTUALIZAR_INDICADORES', NULL),
(63, 'cambiarRazonSocial,', 0, 'A', 'CAMBIAR_RAZON_SOCIAL', NULL);

DROP TABLE IF EXISTS roles_usuarios;
CREATE TABLE IF NOT EXISTS roles_usuarios (
  id bigint(20) NOT NULL AUTO_INCREMENT,
  eliminado tinyint(4) NOT NULL DEFAULT '0',
  estado_rol_usuario varchar(1) NOT NULL,
  rol_id bigint(20) NOT NULL,
  usuario_id bigint(20) NOT NULL,
  PRIMARY KEY (id),
  KEY FKC9AC5A4767EBF2A (rol_id),
  KEY FKC9AC5A471204E6CA (usuario_id)
) ENGINE=InnoDB  DEFAULT CHARSET=latin1 AUTO_INCREMENT=14 ;

INSERT INTO roles_usuarios (id, eliminado, estado_rol_usuario, rol_id, usuario_id) VALUES
(1, 0, 'A', 1, 1),
(2, 0, 'A', 2, 2),
(3, 0, 'A', 2, 3),
(4, 0, 'A', 2, 4),
(5, 0, 'A', 3, 5),
(6, 0, 'A', 6, 6),
(7, 0, 'A', 6, 7),
(8, 0, 'A', 7, 8),
(9, 0, 'A', 8, 9),
(10, 0, 'A', 8, 10),
(11, 0, 'A', 4, 11),
(12, 0, 'A', 8, 12),
(13, 0, 'A', 8, 13);

DROP TABLE IF EXISTS rol_opcion_operacion;
CREATE TABLE IF NOT EXISTS rol_opcion_operacion (
  id bigint(20) NOT NULL AUTO_INCREMENT,
  estado_rol_opcion_operacion varchar(1) NOT NULL,
  opcion_id bigint(20) NOT NULL,
  operacion_id bigint(20) NOT NULL,
  rol_id bigint(20) NOT NULL,
  eliminado tinyint(4) NOT NULL DEFAULT '0',
  PRIMARY KEY (id),
  KEY FKD4E68CAF67EBF2A (rol_id),
  KEY FKD4E68CAF3B3E328A (operacion_id),
  KEY FKD4E68CAFB2FBD22A (opcion_id)
) ENGINE=InnoDB  DEFAULT CHARSET=latin1 AUTO_INCREMENT=1210 ;

INSERT INTO rol_opcion_operacion (id, estado_rol_opcion_operacion, opcion_id, operacion_id, rol_id, eliminado) VALUES
(1, 'A', 2, 1, 1, 0),
(2, 'A', 2, 2, 1, 0),
(3, 'A', 2, 3, 1, 0),
(4, 'A', 1, 4, 1, 0),
(7, 'A', 11, 1, 1, 0),
(8, 'A', 3, 1, 1, 0),
(9, 'A', 3, 3, 1, 0),
(10, 'A', 3, 4, 1, 0),
(11, 'A', 3, 5, 1, 0),
(12, 'A', 3, 6, 1, 0),
(13, 'A', 3, 2, 1, 0),
(15, 'A', 5, 1, 1, 0),
(16, 'A', 3, 7, 1, 0),
(17, 'A', 8, 1, 1, 0),
(18, 'A', 8, 6, 1, 0),
(19, 'A', 8, 2, 1, 0),
(20, 'A', 8, 3, 1, 0),
(21, 'A', 8, 4, 1, 0),
(22, 'A', 8, 5, 1, 0),
(24, 'A', 13, 1, 1, 0),
(25, 'A', 13, 2, 1, 0),
(26, 'A', 13, 3, 1, 0),
(27, 'A', 13, 4, 1, 0),
(28, 'A', 13, 5, 1, 0),
(29, 'A', 13, 6, 1, 0),
(30, 'A', 2, 4, 1, 0),
(31, 'A', 2, 5, 1, 0),
(32, 'A', 2, 6, 1, 0),
(33, 'A', 11, 2, 1, 0),
(34, 'A', 11, 3, 1, 0),
(35, 'A', 11, 4, 1, 0),
(36, 'A', 11, 5, 1, 0),
(37, 'A', 11, 6, 1, 0),
(38, 'A', 14, 1, 1, 0),
(39, 'A', 14, 2, 1, 0),
(40, 'A', 14, 3, 1, 0),
(41, 'A', 14, 4, 1, 0),
(42, 'A', 14, 5, 1, 0),
(43, 'A', 14, 6, 1, 0),
(44, 'A', 15, 1, 1, 0),
(45, 'A', 15, 2, 1, 0),
(46, 'A', 15, 3, 1, 0),
(47, 'A', 15, 4, 1, 0),
(48, 'A', 15, 5, 1, 0),
(49, 'A', 15, 6, 1, 0),
(50, 'A', 16, 1, 1, 0),
(51, 'A', 16, 2, 1, 0),
(52, 'A', 16, 3, 1, 0),
(53, 'A', 16, 4, 1, 0),
(54, 'A', 16, 5, 1, 0),
(55, 'A', 16, 6, 1, 0),
(56, 'A', 17, 1, 1, 0),
(57, 'A', 17, 2, 1, 0),
(58, 'A', 17, 3, 1, 0),
(59, 'A', 17, 4, 1, 0),
(60, 'A', 17, 5, 1, 0),
(61, 'A', 17, 6, 1, 0),
(62, 'A', 4, 1, 1, 0),
(63, 'A', 4, 2, 1, 0),
(64, 'A', 4, 3, 1, 0),
(65, 'A', 4, 4, 1, 0),
(66, 'A', 4, 5, 1, 0),
(67, 'A', 4, 6, 1, 0),
(68, 'A', 18, 1, 1, 0),
(69, 'A', 18, 2, 1, 0),
(70, 'A', 18, 3, 1, 0),
(71, 'A', 18, 4, 1, 0),
(72, 'A', 18, 5, 1, 0),
(73, 'A', 18, 6, 1, 0),
(74, 'A', 4, 8, 1, 0),
(75, 'A', 19, 1, 1, 0),
(76, 'A', 19, 2, 1, 0),
(77, 'A', 19, 3, 1, 0),
(78, 'A', 19, 4, 1, 0),
(79, 'A', 19, 5, 1, 0),
(80, 'A', 19, 6, 1, 0),
(81, 'A', 19, 9, 1, 0),
(82, 'A', 9, 1, 1, 0),
(83, 'A', 9, 2, 1, 0),
(84, 'A', 9, 3, 1, 0),
(85, 'A', 9, 4, 1, 0),
(86, 'A', 9, 5, 1, 0),
(87, 'A', 9, 6, 1, 0),
(88, 'A', 20, 1, 1, 0),
(89, 'A', 20, 2, 1, 0),
(90, 'A', 20, 3, 1, 0),
(91, 'A', 20, 4, 1, 0),
(92, 'A', 20, 5, 1, 0),
(93, 'A', 20, 6, 1, 0),
(94, 'A', 10, 1, 1, 0),
(95, 'A', 10, 2, 1, 0),
(97, 'A', 10, 4, 1, 0),
(98, 'A', 10, 5, 1, 0),
(99, 'A', 10, 6, 1, 0),
(100, 'A', 10, 10, 1, 0),
(101, 'A', 27, 11, 1, 0),
(102, 'A', 6, 1, 1, 0),
(103, 'A', 6, 2, 1, 0),
(104, 'A', 6, 3, 1, 0),
(105, 'A', 6, 4, 1, 0),
(106, 'A', 6, 5, 1, 0),
(107, 'A', 6, 6, 1, 0),
(108, 'A', 7, 1, 1, 0),
(109, 'A', 7, 2, 1, 0),
(110, 'A', 7, 3, 1, 0),
(111, 'A', 7, 4, 1, 0),
(112, 'A', 7, 5, 1, 0),
(113, 'A', 7, 6, 1, 0),
(114, 'A', 1, 1, 1, 0),
(115, 'A', 12, 1, 1, 0),
(116, 'A', 12, 2, 1, 0),
(117, 'A', 12, 3, 1, 0),
(118, 'A', 12, 4, 1, 0),
(119, 'A', 12, 5, 1, 0),
(120, 'A', 12, 6, 1, 0),
(121, 'A', 22, 1, 1, 0),
(122, 'A', 22, 2, 1, 0),
(123, 'A', 22, 3, 1, 0),
(124, 'A', 22, 4, 1, 0),
(125, 'A', 22, 5, 1, 0),
(126, 'A', 22, 6, 1, 0),
(127, 'A', 23, 1, 1, 0),
(128, 'A', 23, 2, 1, 0),
(129, 'A', 23, 3, 1, 0),
(130, 'A', 23, 4, 1, 0),
(131, 'A', 23, 5, 1, 0),
(132, 'A', 23, 6, 1, 0),
(133, 'A', 24, 1, 1, 0),
(134, 'A', 24, 2, 1, 0),
(135, 'A', 24, 3, 1, 0),
(136, 'A', 24, 4, 1, 0),
(137, 'A', 24, 5, 1, 0),
(138, 'A', 24, 6, 1, 0),
(139, 'A', 25, 1, 1, 0),
(140, 'A', 25, 2, 1, 0),
(141, 'A', 25, 3, 1, 0),
(142, 'A', 25, 4, 1, 0),
(143, 'A', 25, 5, 1, 0),
(144, 'A', 25, 6, 1, 0),
(145, 'A', 26, 1, 1, 0),
(146, 'A', 26, 2, 1, 0),
(147, 'A', 26, 3, 1, 0),
(148, 'A', 26, 4, 1, 0),
(149, 'A', 26, 5, 1, 0),
(150, 'A', 26, 6, 1, 0),
(151, 'A', 28, 11, 1, 0),
(152, 'A', 5, 12, 1, 0),
(153, 'A', 2, 13, 1, 0),
(154, 'A', 29, 3, 1, 0),
(155, 'A', 30, 1, 1, 0),
(156, 'A', 30, 2, 1, 0),
(157, 'A', 30, 3, 1, 0),
(158, 'A', 30, 4, 1, 0),
(159, 'A', 30, 5, 1, 0),
(160, 'A', 30, 6, 1, 0),
(161, 'A', 31, 14, 1, 0),
(162, 'A', 31, 1, 1, 0),
(163, 'A', 3, 15, 1, 0),
(164, 'A', 30, 13, 1, 0),
(165, 'A', 2, 16, 1, 0),
(166, 'A', 2, 17, 1, 0),
(167, 'A', 6, 18, 1, 0),
(169, 'A', 3, 19, 1, 0),
(170, 'A', 8, 1, 5, 1),
(171, 'A', 8, 3, 5, 1),
(172, 'A', 17, 1, 5, 1),
(173, 'A', 8, 12, 5, 1),
(174, 'A', 8, 11, 5, 1),
(175, 'A', 8, 7, 5, 1),
(176, 'A', 8, 6, 5, 1),
(177, 'A', 8, 1, 5, 0),
(178, 'A', 8, 2, 5, 0),
(179, 'A', 8, 3, 5, 0),
(180, 'A', 8, 4, 5, 0),
(181, 'A', 8, 6, 5, 0),
(182, 'A', 6, 20, 1, 0),
(183, 'A', 6, 21, 1, 1),
(184, 'A', 32, 1, 1, 0),
(185, 'A', 32, 4, 1, 0),
(186, 'A', 32, 6, 1, 0),
(187, 'A', 32, 3, 1, 0),
(188, 'A', 32, 2, 1, 0),
(189, 'A', 6, 21, 1, 0),
(190, 'A', 6, 22, 1, 0),
(191, 'A', 6, 23, 1, 0),
(192, 'A', 23, 24, 1, 0),
(193, 'A', 6, 25, 1, 0),
(194, 'A', 6, 26, 1, 0),
(195, 'A', 6, 27, 1, 0),
(196, 'A', 6, 28, 1, 0),
(197, 'A', 6, 29, 1, 0),
(198, 'A', 2, 30, 1, 0),
(199, 'A', 2, 31, 1, 0),
(200, 'A', 3, 32, 1, 0),
(201, 'A', 3, 33, 1, 0),
(202, 'A', 10, 3, 1, 0),
(203, 'A', 14, 1, 2, 0),
(204, 'A', 20, 1, 2, 1),
(205, 'A', 23, 1, 2, 0),
(206, 'A', 24, 1, 2, 0),
(207, 'A', 25, 1, 2, 0),
(208, 'A', 27, 1, 2, 0),
(209, 'A', 28, 1, 2, 0),
(210, 'A', 29, 1, 2, 0),
(211, 'A', 30, 1, 2, 1),
(212, 'A', 18, 1, 2, 0),
(213, 'A', 1, 1, 2, 0),
(214, 'A', 2, 1, 2, 0),
(215, 'A', 3, 1, 2, 0),
(216, 'A', 6, 1, 2, 1),
(217, 'A', 5, 1, 2, 0),
(218, 'A', 32, 1, 2, 0),
(219, 'A', 4, 1, 2, 0),
(220, 'A', 7, 1, 2, 0),
(221, 'A', 9, 1, 2, 1),
(223, 'A', 14, 32, 2, 1),
(224, 'A', 14, 30, 2, 1),
(225, 'A', 14, 2, 2, 0),
(226, 'A', 14, 3, 2, 0),
(227, 'A', 14, 4, 2, 0),
(228, 'A', 2, 2, 2, 0),
(229, 'A', 2, 3, 2, 0),
(230, 'A', 2, 4, 2, 1),
(231, 'A', 2, 6, 2, 0),
(232, 'A', 3, 2, 2, 0),
(233, 'A', 3, 3, 2, 0),
(234, 'A', 3, 4, 2, 1),
(235, 'A', 3, 6, 2, 0),
(236, 'A', 2, 15, 2, 0),
(237, 'A', 2, 16, 2, 0),
(238, 'A', 2, 17, 2, 1),
(239, 'A', 2, 19, 2, 1),
(240, 'A', 2, 24, 2, 1),
(241, 'A', 2, 25, 2, 1),
(242, 'A', 2, 26, 2, 1),
(243, 'A', 2, 28, 2, 1),
(244, 'A', 2, 30, 2, 1),
(245, 'A', 2, 32, 2, 1),
(246, 'A', 33, 1, 1, 0),
(247, 'A', 33, 34, 1, 0),
(248, 'A', 2, 30, 2, 0),
(249, 'A', 2, 7, 2, 1),
(250, 'A', 2, 11, 2, 0),
(251, 'A', 3, 25, 2, 1),
(252, 'A', 3, 19, 2, 0),
(253, 'A', 3, 32, 2, 0),
(254, 'A', 3, 33, 2, 0),
(256, 'A', 6, 1, 2, 0),
(257, 'A', 6, 21, 2, 0),
(258, 'A', 6, 29, 2, 0),
(259, 'A', 6, 18, 2, 0),
(260, 'A', 2, 17, 2, 0),
(261, 'A', 6, 2, 2, 1),
(262, 'A', 6, 20, 2, 0),
(263, 'A', 6, 4, 2, 1),
(264, 'A', 6, 3, 2, 0),
(265, 'A', 6, 2, 2, 0),
(266, 'A', 23, 2, 2, 0),
(267, 'A', 23, 3, 2, 0),
(268, 'A', 23, 4, 2, 0),
(269, 'A', 24, 2, 2, 0),
(270, 'A', 24, 3, 2, 0),
(271, 'A', 24, 4, 2, 0),
(272, 'A', 16, 1, 2, 0),
(273, 'A', 16, 2, 2, 0),
(274, 'A', 16, 3, 2, 0),
(275, 'A', 16, 4, 2, 0),
(276, 'A', 17, 1, 2, 0),
(277, 'A', 17, 2, 2, 0),
(278, 'A', 17, 3, 2, 0),
(279, 'A', 17, 4, 2, 0),
(280, 'A', 15, 1, 2, 0),
(281, 'A', 15, 2, 2, 0),
(282, 'A', 15, 3, 2, 0),
(283, 'A', 15, 4, 2, 0),
(284, 'A', 4, 2, 2, 0),
(285, 'A', 4, 3, 2, 0),
(286, 'A', 32, 2, 2, 0),
(287, 'A', 32, 3, 2, 0),
(288, 'A', 7, 2, 2, 0),
(289, 'A', 7, 3, 2, 0),
(290, 'A', 5, 2, 2, 0),
(291, 'A', 5, 3, 2, 0),
(292, 'A', 5, 4, 2, 0),
(293, 'A', 30, 1, 2, 0),
(294, 'A', 30, 13, 2, 0),
(295, 'A', 3, 20, 2, 0),
(297, 'A', 19, 1, 2, 0),
(298, 'A', 19, 2, 2, 0),
(299, 'A', 19, 3, 2, 0),
(300, 'A', 19, 4, 2, 0),
(301, 'A', 19, 9, 2, 0),
(302, 'A', 18, 2, 2, 0),
(303, 'A', 18, 3, 2, 0),
(304, 'A', 18, 4, 2, 1),
(306, 'A', 4, 35, 1, 0),
(307, 'A', 4, 35, 2, 0),
(308, 'A', 18, 6, 2, 0),
(309, 'A', 18, 35, 2, 0),
(310, 'A', 18, 8, 2, 0),
(311, 'A', 3, 36, 1, 0),
(312, 'A', 3, 36, 2, 0),
(313, 'A', 3, 37, 2, 0),
(314, 'A', 3, 37, 1, 0),
(315, 'A', 3, 38, 1, 0),
(316, 'A', 3, 38, 2, 0),
(317, 'A', 6, 26, 2, 0),
(318, 'A', 34, 1, 1, 0),
(319, 'A', 34, 2, 1, 0),
(320, 'A', 34, 3, 1, 0),
(321, 'A', 34, 4, 1, 0),
(322, 'A', 34, 1, 2, 0),
(323, 'A', 34, 2, 2, 0),
(324, 'A', 34, 3, 2, 0),
(325, 'A', 34, 4, 2, 0),
(326, 'A', 35, 1, 1, 0),
(327, 'A', 35, 1, 2, 0),
(328, 'A', 36, 1, 1, 0),
(329, 'A', 36, 1, 2, 0),
(330, 'A', 36, 3, 2, 0),
(331, 'A', 36, 3, 1, 0),
(332, 'A', 6, 1, 6, 1),
(333, 'A', 6, 3, 6, 1),
(334, 'A', 6, 6, 6, 1),
(335, 'A', 6, 1, 3, 1),
(336, 'A', 6, 3, 3, 1),
(337, 'A', 6, 6, 3, 1),
(338, 'A', 6, 1, 7, 1),
(339, 'A', 6, 3, 7, 1),
(340, 'A', 6, 6, 7, 1),
(341, 'A', 23, 1, 6, 0),
(342, 'A', 23, 3, 6, 1),
(343, 'A', 1, 1, 6, 0),
(344, 'A', 37, 1, 6, 0),
(345, 'A', 37, 3, 6, 1),
(346, 'A', 37, 6, 6, 0),
(347, 'A', 38, 1, 3, 0),
(348, 'A', 38, 3, 3, 0),
(349, 'A', 38, 6, 3, 0),
(350, 'A', 1, 1, 3, 0),
(351, 'A', 4, 1, 3, 0),
(352, 'A', 7, 1, 6, 0),
(353, 'A', 23, 1, 3, 0),
(354, 'A', 23, 3, 3, 0),
(355, 'A', 23, 6, 3, 0),
(356, 'A', 5, 1, 3, 1),
(357, 'A', 18, 1, 3, 0),
(358, 'A', 19, 1, 3, 0),
(359, 'A', 19, 6, 3, 0),
(360, 'A', 18, 6, 3, 0),
(361, 'A', 4, 35, 3, 1),
(362, 'A', 4, 39, 3, 0),
(363, 'A', 4, 40, 3, 1),
(364, 'A', 5, 1, 3, 0),
(365, 'A', 5, 41, 3, 1),
(366, 'A', 5, 41, 3, 0),
(367, 'A', 23, 1, 7, 0),
(368, 'A', 23, 3, 7, 1),
(369, 'A', 7, 1, 7, 0),
(370, 'A', 24, 1, 3, 0),
(371, 'A', 25, 1, 3, 0),
(372, 'A', 25, 2, 3, 0),
(373, 'A', 25, 3, 3, 0),
(374, 'A', 25, 4, 3, 0),
(375, 'A', 39, 1, 7, 1),
(376, 'A', 39, 3, 7, 1),
(377, 'A', 39, 6, 7, 1),
(378, 'A', 1, 1, 7, 0),
(379, 'A', 5, 1, 7, 0),
(380, 'A', 4, 1, 7, 0),
(381, 'A', 5, 41, 7, 0),
(382, 'A', 4, 39, 7, 0),
(383, 'A', 3, 15, 2, 0),
(384, 'A', 5, 11, 2, 0),
(385, 'A', 4, 11, 2, 0),
(386, 'A', 24, 2, 3, 0),
(387, 'A', 24, 3, 3, 0),
(388, 'A', 24, 4, 3, 0),
(389, 'A', 24, 6, 3, 0),
(390, 'A', 24, 1, 6, 0),
(391, 'A', 24, 3, 6, 0),
(392, 'A', 24, 2, 6, 0),
(393, 'A', 24, 4, 6, 0),
(394, 'A', 24, 6, 6, 0),
(395, 'A', 24, 1, 7, 0),
(396, 'A', 38, 28, 3, 0),
(397, 'A', 38, 27, 3, 0),
(398, 'A', 25, 1, 6, 0),
(399, 'A', 23, 42, 6, 0),
(400, 'A', 37, 43, 6, 0),
(401, 'A', 25, 1, 7, 0),
(402, 'A', 23, 44, 7, 0),
(403, 'A', 30, 2, 2, 0),
(404, 'A', 30, 3, 2, 0),
(405, 'A', 3, 1, 3, 0),
(406, 'A', 14, 1, 3, 0),
(407, 'A', 15, 1, 3, 0),
(408, 'A', 16, 1, 3, 0),
(409, 'A', 17, 1, 3, 0),
(410, 'A', 37, 1, 7, 0),
(411, 'A', 37, 45, 7, 0),
(412, 'A', 38, 46, 3, 0),
(413, 'A', 23, 47, 1, 1),
(414, 'A', 6, 47, 1, 0),
(415, 'A', 37, 3, 6, 0),
(416, 'A', 22, 1, 2, 0),
(417, 'A', 22, 2, 2, 0),
(418, 'A', 22, 3, 2, 0),
(419, 'A', 26, 1, 2, 0),
(420, 'A', 26, 2, 2, 0),
(421, 'A', 26, 3, 2, 0),
(422, 'A', 15, 1, 8, 0),
(423, 'A', 24, 1, 8, 0),
(424, 'A', 28, 1, 8, 0),
(425, 'A', 27, 1, 8, 0),
(426, 'A', 36, 1, 8, 0),
(427, 'A', 4, 1, 8, 0),
(428, 'A', 32, 1, 8, 0),
(429, 'A', 5, 1, 8, 0),
(430, 'A', 23, 1, 8, 0),
(431, 'A', 26, 1, 8, 0),
(432, 'A', 29, 1, 8, 0),
(433, 'A', 25, 1, 8, 0),
(434, 'A', 1, 1, 8, 0),
(435, 'A', 14, 1, 8, 0),
(436, 'A', 18, 1, 8, 0),
(437, 'A', 19, 1, 8, 0),
(438, 'A', 34, 1, 8, 0),
(439, 'A', 35, 1, 8, 0),
(440, 'A', 3, 1, 8, 0),
(441, 'A', 6, 1, 8, 0),
(442, 'A', 30, 1, 8, 0),
(443, 'A', 16, 1, 8, 0),
(444, 'A', 2, 1, 8, 0),
(445, 'A', 17, 1, 8, 0),
(446, 'A', 22, 1, 8, 0),
(447, 'A', 7, 1, 8, 0),
(448, 'A', 15, 2, 8, 0),
(449, 'A', 15, 3, 8, 0),
(450, 'A', 15, 4, 8, 0),
(451, 'A', 24, 2, 8, 0),
(452, 'A', 24, 3, 8, 0),
(453, 'A', 24, 4, 8, 0),
(454, 'A', 36, 3, 8, 0),
(455, 'A', 4, 2, 8, 0),
(456, 'A', 4, 3, 8, 0),
(457, 'A', 4, 35, 8, 0),
(458, 'A', 4, 11, 8, 0),
(459, 'A', 32, 2, 8, 0),
(460, 'A', 32, 3, 8, 0),
(461, 'A', 5, 2, 8, 0),
(462, 'A', 5, 3, 8, 0),
(463, 'A', 5, 11, 8, 0),
(464, 'A', 5, 4, 8, 0),
(465, 'A', 23, 2, 8, 0),
(466, 'A', 23, 3, 8, 0),
(467, 'A', 23, 4, 8, 0),
(468, 'A', 26, 2, 8, 0),
(469, 'A', 26, 3, 8, 0),
(470, 'A', 14, 2, 8, 0),
(471, 'A', 14, 3, 8, 0),
(472, 'A', 14, 4, 8, 0),
(473, 'A', 19, 2, 8, 0),
(474, 'A', 19, 3, 8, 0),
(475, 'A', 19, 4, 8, 0),
(476, 'A', 19, 9, 8, 0),
(477, 'A', 18, 2, 8, 0),
(478, 'A', 18, 3, 8, 0),
(479, 'A', 18, 4, 8, 0),
(480, 'A', 18, 35, 8, 0),
(481, 'A', 18, 39, 8, 0),
(482, 'A', 34, 2, 8, 0),
(483, 'A', 34, 3, 8, 0),
(484, 'A', 34, 4, 8, 0),
(485, 'A', 3, 2, 8, 0),
(486, 'A', 3, 3, 8, 0),
(487, 'A', 3, 19, 8, 0),
(488, 'A', 3, 32, 8, 0),
(489, 'A', 3, 20, 8, 0),
(490, 'A', 3, 36, 8, 0),
(491, 'A', 3, 37, 8, 0),
(492, 'A', 3, 38, 8, 0),
(493, 'A', 3, 15, 8, 0),
(494, 'A', 6, 26, 8, 0),
(495, 'A', 6, 20, 8, 0),
(496, 'A', 6, 21, 8, 0),
(497, 'A', 6, 29, 8, 0),
(498, 'A', 6, 18, 8, 0),
(499, 'A', 6, 3, 8, 0),
(500, 'A', 6, 2, 8, 0),
(501, 'A', 7, 2, 8, 0),
(502, 'A', 7, 3, 8, 0),
(503, 'A', 16, 5, 8, 1),
(504, 'A', 16, 2, 8, 0),
(505, 'A', 16, 3, 8, 0),
(506, 'A', 16, 4, 8, 0),
(507, 'A', 2, 2, 8, 0),
(508, 'A', 2, 3, 8, 0),
(509, 'A', 2, 15, 8, 0),
(510, 'A', 2, 16, 8, 0),
(511, 'A', 2, 30, 8, 0),
(512, 'A', 2, 11, 8, 0),
(513, 'A', 2, 17, 8, 0),
(514, 'A', 17, 2, 8, 0),
(515, 'A', 17, 3, 8, 0),
(516, 'A', 17, 4, 8, 0),
(517, 'A', 22, 2, 8, 0),
(518, 'A', 22, 3, 8, 0),
(519, 'A', 40, 1, 1, 0),
(520, 'A', 40, 2, 1, 1),
(521, 'A', 40, 3, 1, 1),
(522, 'A', 40, 4, 1, 1),
(523, 'A', 41, 1, 1, 0),
(524, 'A', 41, 2, 1, 0),
(525, 'A', 41, 3, 1, 0),
(526, 'A', 41, 4, 1, 0),
(527, 'A', 40, 2, 1, 0),
(528, 'A', 40, 3, 1, 0),
(529, 'A', 40, 4, 1, 0),
(530, 'A', 23, 24, 2, 0),
(531, 'A', 42, 1, 1, 0),
(532, 'A', 42, 48, 1, 1),
(533, 'A', 23, 49, 2, 0),
(534, 'A', 23, 50, 2, 0),
(535, 'A', 38, 51, 3, 0),
(536, 'A', 23, 52, 2, 0),
(537, 'A', 3, 53, 2, 0),
(538, 'A', 43, 1, 6, 0),
(539, 'A', 43, 54, 6, 0),
(540, 'A', 44, 1, 2, 0),
(541, 'A', 44, 55, 2, 0),
(542, 'A', 2, 56, 2, 1),
(543, 'A', 2, 56, 1, 0),
(544, 'A', 44, 1, 1, 0),
(545, 'A', 44, 55, 1, 0),
(546, 'A', 45, 1, 7, 0),
(547, 'A', 45, 57, 7, 0),
(548, 'A', 45, 44, 7, 0),
(549, 'A', 3, 58, 2, 0),
(550, 'A', 2, 59, 1, 0),
(551, 'A', 2, 59, 2, 0),
(552, 'A', 6, 60, 2, 0),
(553, 'A', 23, 56, 8, 1),
(554, 'A', 2, 56, 8, 0),
(555, 'A', 46, 1, 2, 0),
(556, 'A', 3, 61, 2, 0),
(557, 'A', 47, 1, 1, 0),
(558, 'A', 47, 4, 1, 0),
(559, 'A', 47, 2, 1, 0),
(560, 'A', 47, 3, 1, 0),
(561, 'A', 15, 1, 4, 0),
(562, 'A', 16, 1, 4, 0),
(563, 'A', 17, 1, 4, 0),
(564, 'A', 28, 1, 4, 0),
(565, 'A', 20, 1, 4, 0),
(566, 'A', 21, 1, 4, 0),
(567, 'A', 26, 1, 4, 0),
(568, 'A', 27, 1, 4, 0),
(569, 'A', 24, 1, 4, 0),
(570, 'A', 23, 1, 4, 0),
(571, 'A', 30, 1, 4, 0),
(572, 'A', 29, 1, 4, 0),
(573, 'A', 18, 1, 4, 0),
(574, 'A', 35, 1, 4, 0),
(575, 'A', 19, 1, 4, 0),
(576, 'A', 36, 1, 4, 0),
(577, 'A', 34, 1, 4, 0),
(578, 'A', 1, 1, 4, 0),
(579, 'A', 2, 1, 4, 0),
(580, 'A', 3, 1, 4, 0),
(581, 'A', 6, 1, 4, 0),
(582, 'A', 5, 1, 4, 0),
(583, 'A', 32, 1, 4, 0),
(584, 'A', 4, 1, 4, 0),
(585, 'A', 44, 1, 4, 0),
(586, 'A', 22, 1, 4, 0),
(587, 'A', 7, 1, 4, 1),
(588, 'A', 42, 1, 4, 1),
(589, 'A', 9, 1, 4, 1),
(590, 'A', 12, 1, 4, 0),
(591, 'A', 10, 1, 4, 1),
(592, 'A', 33, 1, 4, 1),
(593, 'A', 11, 2, 4, 0),
(594, 'A', 11, 3, 4, 0),
(595, 'A', 11, 4, 4, 0),
(596, 'A', 11, 5, 4, 0),
(597, 'A', 11, 6, 4, 0),
(598, 'A', 11, 7, 4, 0),
(599, 'A', 11, 11, 4, 0),
(600, 'A', 11, 12, 4, 0),
(601, 'A', 11, 13, 4, 0),
(602, 'A', 11, 14, 4, 0),
(603, 'A', 11, 15, 4, 0),
(604, 'A', 11, 16, 4, 0),
(605, 'A', 11, 17, 4, 0),
(606, 'A', 11, 18, 4, 0),
(607, 'A', 11, 19, 4, 0),
(608, 'A', 11, 20, 4, 0),
(609, 'A', 11, 21, 4, 0),
(610, 'A', 11, 22, 4, 0),
(611, 'A', 11, 23, 4, 0),
(612, 'A', 11, 24, 4, 0),
(613, 'A', 11, 25, 4, 0),
(614, 'A', 11, 26, 4, 0),
(615, 'A', 11, 27, 4, 0),
(616, 'A', 11, 28, 4, 0),
(617, 'A', 11, 29, 4, 0),
(618, 'A', 11, 30, 4, 0),
(619, 'A', 11, 31, 4, 0),
(620, 'A', 11, 32, 4, 0),
(621, 'A', 11, 33, 4, 0),
(622, 'A', 11, 34, 4, 0),
(623, 'A', 11, 35, 4, 0),
(624, 'A', 11, 36, 4, 0),
(625, 'A', 11, 37, 4, 0),
(626, 'A', 11, 38, 4, 0),
(627, 'A', 11, 39, 4, 0),
(628, 'A', 11, 41, 4, 0),
(629, 'A', 11, 42, 4, 0),
(630, 'A', 11, 43, 4, 0),
(631, 'A', 11, 44, 4, 0),
(632, 'A', 11, 45, 4, 0),
(633, 'A', 11, 46, 4, 0),
(634, 'A', 11, 47, 4, 0),
(635, 'A', 11, 48, 4, 0),
(636, 'A', 11, 49, 4, 0),
(637, 'A', 11, 50, 4, 0),
(638, 'A', 11, 51, 4, 0),
(639, 'A', 11, 52, 4, 0),
(640, 'A', 11, 53, 4, 0),
(641, 'A', 11, 54, 4, 0),
(642, 'A', 11, 55, 4, 0),
(643, 'A', 11, 56, 4, 0),
(644, 'A', 11, 57, 4, 0),
(645, 'A', 11, 58, 4, 0),
(646, 'A', 11, 59, 4, 0),
(647, 'A', 11, 60, 4, 0),
(648, 'A', 14, 2, 4, 0),
(649, 'A', 14, 3, 4, 0),
(650, 'A', 14, 4, 4, 0),
(651, 'A', 14, 5, 4, 0),
(652, 'A', 14, 6, 4, 0),
(653, 'A', 14, 7, 4, 0),
(654, 'A', 14, 11, 4, 0),
(655, 'A', 14, 12, 4, 0),
(656, 'A', 14, 13, 4, 0),
(657, 'A', 14, 14, 4, 0),
(658, 'A', 14, 15, 4, 0),
(659, 'A', 14, 16, 4, 0),
(660, 'A', 14, 17, 4, 0),
(661, 'A', 14, 18, 4, 0),
(662, 'A', 14, 19, 4, 0),
(663, 'A', 14, 20, 4, 0),
(664, 'A', 14, 21, 4, 0),
(665, 'A', 14, 22, 4, 0),
(666, 'A', 14, 23, 4, 0),
(667, 'A', 14, 24, 4, 0),
(668, 'A', 14, 25, 4, 0),
(669, 'A', 14, 26, 4, 0),
(670, 'A', 14, 27, 4, 0),
(671, 'A', 14, 28, 4, 0),
(672, 'A', 14, 29, 4, 0),
(673, 'A', 14, 30, 4, 0),
(674, 'A', 14, 31, 4, 0),
(675, 'A', 14, 32, 4, 0),
(676, 'A', 14, 33, 4, 0),
(677, 'A', 14, 34, 4, 0),
(678, 'A', 14, 35, 4, 0),
(679, 'A', 14, 36, 4, 0),
(680, 'A', 14, 37, 4, 0),
(681, 'A', 14, 38, 4, 0),
(682, 'A', 14, 39, 4, 0),
(683, 'A', 14, 41, 4, 0),
(684, 'A', 14, 42, 4, 0),
(685, 'A', 14, 43, 4, 0),
(686, 'A', 14, 44, 4, 0),
(687, 'A', 14, 45, 4, 0),
(688, 'A', 14, 46, 4, 0),
(689, 'A', 14, 47, 4, 0),
(690, 'A', 14, 48, 4, 0),
(691, 'A', 14, 49, 4, 0),
(692, 'A', 14, 50, 4, 0),
(693, 'A', 14, 51, 4, 0),
(694, 'A', 14, 52, 4, 0),
(695, 'A', 14, 53, 4, 0),
(696, 'A', 14, 54, 4, 0),
(697, 'A', 14, 55, 4, 0),
(698, 'A', 14, 56, 4, 0),
(699, 'A', 14, 57, 4, 0),
(700, 'A', 14, 58, 4, 0),
(701, 'A', 14, 59, 4, 0),
(702, 'A', 14, 60, 4, 0),
(703, 'A', 16, 2, 4, 0),
(704, 'A', 16, 3, 4, 0),
(705, 'A', 16, 4, 4, 0),
(706, 'A', 16, 5, 4, 0),
(707, 'A', 16, 6, 4, 0),
(708, 'A', 16, 7, 4, 0),
(709, 'A', 16, 11, 4, 0),
(710, 'A', 16, 12, 4, 0),
(711, 'A', 16, 13, 4, 0),
(712, 'A', 16, 14, 4, 0),
(713, 'A', 16, 15, 4, 0),
(714, 'A', 16, 16, 4, 0),
(715, 'A', 16, 17, 4, 0),
(716, 'A', 16, 18, 4, 0),
(717, 'A', 16, 19, 4, 0),
(718, 'A', 16, 20, 4, 0),
(719, 'A', 16, 21, 4, 0),
(720, 'A', 16, 22, 4, 0),
(721, 'A', 16, 23, 4, 0),
(722, 'A', 16, 24, 4, 0),
(723, 'A', 16, 25, 4, 0),
(724, 'A', 16, 26, 4, 0),
(725, 'A', 16, 27, 4, 0),
(726, 'A', 16, 28, 4, 0),
(727, 'A', 16, 29, 4, 0),
(728, 'A', 16, 30, 4, 0),
(729, 'A', 16, 31, 4, 0),
(730, 'A', 16, 32, 4, 0),
(731, 'A', 16, 33, 4, 0),
(732, 'A', 16, 34, 4, 0),
(733, 'A', 16, 35, 4, 0),
(734, 'A', 16, 36, 4, 0),
(735, 'A', 16, 37, 4, 0),
(736, 'A', 16, 38, 4, 0),
(737, 'A', 16, 39, 4, 0),
(738, 'A', 16, 41, 4, 0),
(739, 'A', 16, 42, 4, 0),
(740, 'A', 16, 43, 4, 0),
(741, 'A', 16, 44, 4, 0),
(742, 'A', 16, 45, 4, 0),
(743, 'A', 16, 46, 4, 0),
(744, 'A', 16, 47, 4, 0),
(745, 'A', 16, 48, 4, 0),
(746, 'A', 16, 49, 4, 0),
(747, 'A', 16, 50, 4, 0),
(748, 'A', 16, 51, 4, 0),
(749, 'A', 16, 52, 4, 0),
(750, 'A', 16, 53, 4, 0),
(751, 'A', 16, 54, 4, 0),
(752, 'A', 16, 55, 4, 0),
(753, 'A', 16, 56, 4, 0),
(754, 'A', 16, 57, 4, 0),
(755, 'A', 16, 58, 4, 0),
(756, 'A', 16, 59, 4, 0),
(757, 'A', 16, 60, 4, 0),
(758, 'A', 2, 2, 4, 0),
(759, 'A', 2, 3, 4, 0),
(760, 'A', 2, 4, 4, 0),
(761, 'A', 2, 5, 4, 0),
(762, 'A', 2, 6, 4, 0),
(763, 'A', 2, 7, 4, 0),
(764, 'A', 2, 11, 4, 0),
(765, 'A', 2, 12, 4, 0),
(766, 'A', 2, 13, 4, 0),
(767, 'A', 2, 14, 4, 0),
(768, 'A', 2, 15, 4, 0),
(769, 'A', 2, 16, 4, 0),
(770, 'A', 2, 17, 4, 0),
(771, 'A', 2, 18, 4, 0),
(772, 'A', 2, 19, 4, 0),
(773, 'A', 2, 20, 4, 0),
(774, 'A', 2, 21, 4, 0),
(775, 'A', 2, 22, 4, 0),
(776, 'A', 2, 23, 4, 0),
(777, 'A', 2, 24, 4, 0),
(778, 'A', 2, 25, 4, 0),
(779, 'A', 2, 26, 4, 0),
(780, 'A', 2, 27, 4, 0),
(781, 'A', 2, 28, 4, 0),
(782, 'A', 2, 29, 4, 0),
(783, 'A', 2, 30, 4, 0),
(784, 'A', 2, 31, 4, 0),
(785, 'A', 2, 32, 4, 0),
(786, 'A', 2, 33, 4, 0),
(787, 'A', 2, 34, 4, 0),
(788, 'A', 2, 35, 4, 0),
(789, 'A', 2, 36, 4, 0),
(790, 'A', 2, 37, 4, 0),
(791, 'A', 2, 38, 4, 0),
(792, 'A', 2, 39, 4, 0),
(793, 'A', 2, 41, 4, 0),
(794, 'A', 2, 42, 4, 0),
(795, 'A', 2, 43, 4, 0),
(796, 'A', 2, 44, 4, 0),
(797, 'A', 2, 45, 4, 0),
(798, 'A', 2, 46, 4, 0),
(799, 'A', 2, 47, 4, 0),
(800, 'A', 2, 48, 4, 0),
(801, 'A', 2, 49, 4, 0),
(802, 'A', 2, 50, 4, 0),
(803, 'A', 2, 51, 4, 0),
(804, 'A', 2, 52, 4, 0),
(805, 'A', 2, 53, 4, 0),
(806, 'A', 2, 54, 4, 0),
(807, 'A', 2, 55, 4, 0),
(808, 'A', 2, 56, 4, 0),
(809, 'A', 2, 57, 4, 0),
(810, 'A', 2, 58, 4, 0),
(811, 'A', 2, 59, 4, 0),
(812, 'A', 2, 60, 4, 0),
(813, 'A', 3, 2, 4, 0),
(814, 'A', 3, 3, 4, 0),
(815, 'A', 3, 4, 4, 0),
(816, 'A', 3, 6, 4, 0),
(817, 'A', 3, 23, 4, 0),
(818, 'A', 3, 38, 4, 0),
(819, 'A', 3, 37, 4, 0),
(820, 'A', 3, 7, 4, 0),
(821, 'A', 6, 2, 4, 0),
(822, 'A', 6, 3, 4, 0),
(823, 'A', 6, 4, 4, 0),
(824, 'A', 6, 6, 4, 0),
(825, 'A', 6, 11, 4, 0),
(826, 'A', 6, 12, 4, 0),
(827, 'A', 6, 13, 4, 0),
(828, 'A', 6, 15, 4, 0),
(829, 'A', 6, 16, 4, 0),
(830, 'A', 6, 17, 4, 0),
(831, 'A', 6, 18, 4, 0),
(832, 'A', 6, 19, 4, 0),
(833, 'A', 6, 20, 4, 0),
(834, 'A', 6, 21, 4, 0),
(835, 'A', 6, 22, 4, 0),
(836, 'A', 6, 23, 4, 0),
(837, 'A', 6, 25, 4, 0),
(838, 'A', 6, 26, 4, 0),
(839, 'A', 6, 29, 4, 0),
(840, 'A', 6, 31, 4, 0),
(841, 'A', 6, 32, 4, 0),
(842, 'A', 6, 33, 4, 0),
(843, 'A', 6, 34, 4, 0),
(844, 'A', 6, 35, 4, 0),
(845, 'A', 6, 36, 4, 0),
(846, 'A', 6, 37, 4, 0),
(847, 'A', 6, 38, 4, 0),
(848, 'A', 6, 39, 4, 0),
(849, 'A', 6, 41, 4, 0),
(850, 'A', 6, 42, 4, 0),
(851, 'A', 6, 43, 4, 0),
(852, 'A', 6, 44, 4, 0),
(853, 'A', 6, 45, 4, 0),
(854, 'A', 6, 46, 4, 0),
(855, 'A', 6, 47, 4, 0),
(856, 'A', 6, 48, 4, 0),
(857, 'A', 6, 49, 4, 0),
(858, 'A', 6, 50, 4, 0),
(859, 'A', 6, 51, 4, 0),
(860, 'A', 6, 52, 4, 0),
(861, 'A', 6, 53, 4, 0),
(862, 'A', 6, 56, 4, 0),
(863, 'A', 6, 57, 4, 0),
(864, 'A', 6, 58, 4, 0),
(865, 'A', 6, 59, 4, 0),
(866, 'A', 6, 28, 4, 0),
(867, 'A', 6, 55, 4, 0),
(868, 'A', 6, 60, 4, 0),
(869, 'A', 4, 2, 4, 0),
(870, 'A', 4, 3, 4, 0),
(871, 'A', 4, 6, 4, 0),
(872, 'A', 32, 2, 4, 0),
(873, 'A', 32, 3, 4, 0),
(874, 'A', 32, 4, 4, 0),
(875, 'A', 32, 6, 4, 0),
(876, 'A', 5, 4, 4, 0),
(877, 'A', 5, 2, 4, 0),
(878, 'A', 5, 3, 4, 0),
(879, 'A', 5, 11, 4, 0),
(880, 'A', 5, 6, 4, 0),
(881, 'A', 44, 2, 4, 0),
(882, 'A', 44, 3, 4, 0),
(883, 'A', 44, 4, 4, 0),
(884, 'A', 44, 5, 4, 0),
(885, 'A', 44, 6, 4, 0),
(886, 'A', 44, 7, 4, 0),
(887, 'A', 44, 11, 4, 0),
(888, 'A', 44, 12, 4, 0),
(889, 'A', 44, 13, 4, 0),
(890, 'A', 44, 14, 4, 0),
(891, 'A', 44, 15, 4, 0),
(892, 'A', 44, 16, 4, 0),
(893, 'A', 44, 17, 4, 0),
(894, 'A', 44, 18, 4, 0),
(895, 'A', 44, 19, 4, 0),
(896, 'A', 44, 20, 4, 0),
(897, 'A', 44, 21, 4, 0),
(898, 'A', 44, 22, 4, 0),
(899, 'A', 44, 23, 4, 0),
(900, 'A', 44, 24, 4, 0),
(901, 'A', 44, 25, 4, 0),
(902, 'A', 44, 26, 4, 0),
(903, 'A', 44, 27, 4, 0),
(904, 'A', 44, 28, 4, 0),
(905, 'A', 44, 29, 4, 0),
(906, 'A', 44, 30, 4, 0),
(907, 'A', 44, 31, 4, 0),
(908, 'A', 44, 32, 4, 0),
(909, 'A', 44, 33, 4, 0),
(910, 'A', 44, 34, 4, 0),
(911, 'A', 44, 35, 4, 0),
(912, 'A', 44, 36, 4, 0),
(913, 'A', 44, 37, 4, 0),
(914, 'A', 44, 38, 4, 0),
(915, 'A', 44, 39, 4, 0),
(916, 'A', 44, 41, 4, 0),
(917, 'A', 44, 42, 4, 0),
(918, 'A', 44, 43, 4, 0),
(919, 'A', 44, 44, 4, 0),
(920, 'A', 44, 45, 4, 0),
(921, 'A', 44, 46, 4, 0),
(922, 'A', 44, 47, 4, 0),
(923, 'A', 44, 48, 4, 0),
(924, 'A', 44, 49, 4, 0),
(925, 'A', 44, 50, 4, 0),
(926, 'A', 44, 51, 4, 0),
(927, 'A', 44, 52, 4, 0),
(928, 'A', 44, 53, 4, 0),
(929, 'A', 44, 54, 4, 0),
(930, 'A', 44, 55, 4, 0),
(931, 'A', 44, 56, 4, 0),
(932, 'A', 44, 57, 4, 0),
(933, 'A', 44, 58, 4, 0),
(934, 'A', 44, 59, 4, 0),
(935, 'A', 44, 60, 4, 0),
(936, 'A', 22, 2, 4, 0),
(937, 'A', 22, 3, 4, 0),
(938, 'A', 22, 4, 4, 0),
(939, 'A', 22, 5, 4, 0),
(940, 'A', 22, 6, 4, 0),
(941, 'A', 22, 7, 4, 0),
(942, 'A', 22, 11, 4, 0),
(943, 'A', 22, 12, 4, 0),
(944, 'A', 22, 13, 4, 0),
(945, 'A', 22, 14, 4, 0),
(946, 'A', 22, 15, 4, 0),
(947, 'A', 22, 16, 4, 0),
(948, 'A', 22, 17, 4, 0),
(949, 'A', 22, 18, 4, 0),
(950, 'A', 22, 19, 4, 0),
(951, 'A', 22, 20, 4, 0),
(952, 'A', 22, 21, 4, 0),
(953, 'A', 22, 22, 4, 0),
(954, 'A', 22, 23, 4, 0),
(955, 'A', 22, 24, 4, 0),
(956, 'A', 22, 25, 4, 0),
(957, 'A', 22, 26, 4, 0),
(958, 'A', 22, 27, 4, 0),
(959, 'A', 22, 28, 4, 0),
(960, 'A', 22, 29, 4, 0),
(961, 'A', 22, 30, 4, 0),
(962, 'A', 22, 31, 4, 0),
(963, 'A', 22, 32, 4, 0),
(964, 'A', 22, 33, 4, 0),
(965, 'A', 22, 34, 4, 0),
(966, 'A', 22, 35, 4, 0),
(967, 'A', 22, 36, 4, 0),
(968, 'A', 22, 37, 4, 0),
(969, 'A', 22, 38, 4, 0),
(970, 'A', 22, 39, 4, 0),
(971, 'A', 22, 41, 4, 0),
(972, 'A', 22, 42, 4, 0),
(973, 'A', 22, 43, 4, 0),
(974, 'A', 22, 44, 4, 0),
(975, 'A', 22, 45, 4, 0),
(976, 'A', 22, 46, 4, 0),
(977, 'A', 22, 47, 4, 0),
(978, 'A', 22, 48, 4, 0),
(979, 'A', 22, 49, 4, 0),
(980, 'A', 22, 50, 4, 0),
(981, 'A', 22, 51, 4, 0),
(982, 'A', 22, 52, 4, 0),
(983, 'A', 22, 53, 4, 0),
(984, 'A', 22, 54, 4, 0),
(985, 'A', 22, 55, 4, 0),
(986, 'A', 22, 56, 4, 0),
(987, 'A', 22, 57, 4, 0),
(988, 'A', 22, 58, 4, 0),
(989, 'A', 22, 59, 4, 0),
(990, 'A', 22, 60, 4, 0),
(991, 'A', 42, 2, 4, 1),
(992, 'A', 42, 3, 4, 1),
(993, 'A', 42, 4, 4, 1),
(994, 'A', 42, 6, 4, 1),
(995, 'A', 9, 2, 4, 1),
(996, 'A', 9, 3, 4, 1),
(997, 'A', 9, 4, 4, 1),
(998, 'A', 9, 6, 4, 1),
(999, 'A', 15, 2, 4, 0),
(1000, 'A', 15, 3, 4, 0),
(1001, 'A', 15, 4, 4, 0),
(1002, 'A', 15, 5, 4, 0),
(1003, 'A', 15, 6, 4, 0),
(1004, 'A', 15, 7, 4, 0),
(1005, 'A', 15, 11, 4, 0),
(1006, 'A', 15, 12, 4, 0),
(1007, 'A', 15, 13, 4, 0),
(1008, 'A', 15, 14, 4, 0),
(1009, 'A', 15, 15, 4, 0),
(1010, 'A', 15, 16, 4, 0),
(1011, 'A', 15, 17, 4, 0),
(1012, 'A', 15, 18, 4, 0),
(1013, 'A', 15, 19, 4, 0),
(1014, 'A', 15, 20, 4, 0),
(1015, 'A', 15, 21, 4, 0),
(1016, 'A', 15, 22, 4, 0),
(1017, 'A', 15, 23, 4, 0),
(1018, 'A', 15, 24, 4, 0),
(1019, 'A', 15, 25, 4, 0),
(1020, 'A', 15, 26, 4, 0),
(1021, 'A', 15, 27, 4, 0),
(1022, 'A', 15, 28, 4, 0),
(1023, 'A', 15, 29, 4, 0),
(1024, 'A', 15, 30, 4, 0),
(1025, 'A', 15, 31, 4, 0),
(1026, 'A', 15, 32, 4, 0),
(1027, 'A', 15, 33, 4, 0),
(1028, 'A', 15, 34, 4, 0),
(1029, 'A', 15, 35, 4, 0),
(1030, 'A', 15, 36, 4, 0),
(1031, 'A', 15, 37, 4, 0),
(1032, 'A', 15, 38, 4, 0),
(1033, 'A', 15, 39, 4, 0),
(1034, 'A', 15, 41, 4, 0),
(1035, 'A', 15, 42, 4, 0),
(1036, 'A', 15, 43, 4, 0),
(1037, 'A', 15, 44, 4, 0),
(1038, 'A', 15, 45, 4, 0),
(1039, 'A', 15, 46, 4, 0),
(1040, 'A', 15, 47, 4, 0),
(1041, 'A', 15, 48, 4, 0),
(1042, 'A', 15, 49, 4, 0),
(1043, 'A', 15, 50, 4, 0),
(1044, 'A', 15, 51, 4, 0),
(1045, 'A', 15, 52, 4, 0),
(1046, 'A', 15, 53, 4, 0),
(1047, 'A', 15, 54, 4, 0),
(1048, 'A', 15, 55, 4, 0),
(1049, 'A', 15, 56, 4, 0),
(1050, 'A', 15, 57, 4, 0),
(1051, 'A', 15, 58, 4, 0),
(1052, 'A', 15, 59, 4, 0),
(1053, 'A', 15, 60, 4, 0),
(1054, 'A', 26, 2, 4, 0),
(1055, 'A', 26, 3, 4, 0),
(1056, 'A', 26, 4, 4, 0),
(1057, 'A', 26, 5, 4, 0),
(1058, 'A', 26, 6, 4, 0),
(1059, 'A', 26, 7, 4, 0),
(1060, 'A', 26, 11, 4, 0),
(1061, 'A', 26, 12, 4, 0),
(1062, 'A', 26, 13, 4, 0),
(1063, 'A', 26, 14, 4, 0),
(1064, 'A', 26, 15, 4, 0),
(1065, 'A', 26, 16, 4, 0),
(1066, 'A', 26, 17, 4, 0),
(1067, 'A', 26, 18, 4, 0),
(1068, 'A', 26, 19, 4, 0),
(1069, 'A', 26, 20, 4, 0),
(1070, 'A', 26, 21, 4, 0),
(1071, 'A', 26, 22, 4, 0),
(1072, 'A', 26, 23, 4, 0),
(1073, 'A', 26, 24, 4, 0),
(1074, 'A', 26, 25, 4, 0),
(1075, 'A', 26, 26, 4, 0),
(1076, 'A', 26, 27, 4, 0),
(1077, 'A', 26, 28, 4, 0),
(1078, 'A', 26, 29, 4, 0),
(1079, 'A', 26, 30, 4, 0),
(1080, 'A', 26, 31, 4, 0),
(1081, 'A', 26, 32, 4, 0),
(1082, 'A', 26, 33, 4, 0),
(1083, 'A', 26, 34, 4, 0),
(1084, 'A', 26, 35, 4, 0),
(1085, 'A', 26, 36, 4, 0),
(1086, 'A', 26, 37, 4, 0),
(1087, 'A', 26, 38, 4, 0),
(1088, 'A', 26, 39, 4, 0),
(1089, 'A', 26, 41, 4, 0),
(1090, 'A', 26, 42, 4, 0),
(1091, 'A', 26, 43, 4, 0),
(1092, 'A', 26, 44, 4, 0),
(1093, 'A', 26, 45, 4, 0),
(1094, 'A', 26, 46, 4, 0),
(1095, 'A', 26, 47, 4, 0),
(1096, 'A', 26, 48, 4, 0),
(1097, 'A', 26, 49, 4, 0),
(1098, 'A', 26, 50, 4, 0),
(1099, 'A', 26, 51, 4, 0),
(1100, 'A', 26, 52, 4, 0),
(1101, 'A', 26, 53, 4, 0),
(1102, 'A', 26, 54, 4, 0),
(1103, 'A', 26, 55, 4, 0),
(1104, 'A', 26, 56, 4, 0),
(1105, 'A', 26, 57, 4, 0),
(1106, 'A', 26, 58, 4, 0),
(1107, 'A', 26, 59, 4, 0),
(1108, 'A', 26, 60, 4, 0),
(1109, 'A', 23, 2, 4, 0),
(1110, 'A', 23, 3, 4, 0),
(1111, 'A', 23, 4, 4, 0),
(1112, 'A', 23, 5, 4, 0),
(1113, 'A', 23, 6, 4, 0),
(1114, 'A', 23, 7, 4, 0),
(1115, 'A', 23, 11, 4, 0),
(1116, 'A', 23, 12, 4, 0),
(1117, 'A', 23, 13, 4, 0),
(1118, 'A', 23, 14, 4, 0),
(1119, 'A', 23, 15, 4, 0),
(1120, 'A', 23, 16, 4, 0),
(1121, 'A', 23, 17, 4, 0),
(1122, 'A', 23, 18, 4, 0),
(1123, 'A', 23, 19, 4, 0),
(1124, 'A', 23, 20, 4, 0),
(1125, 'A', 23, 21, 4, 0),
(1126, 'A', 23, 22, 4, 0),
(1127, 'A', 23, 23, 4, 0),
(1128, 'A', 23, 24, 4, 0),
(1129, 'A', 23, 25, 4, 0),
(1130, 'A', 23, 26, 4, 0),
(1131, 'A', 23, 27, 4, 0),
(1132, 'A', 23, 28, 4, 0),
(1133, 'A', 23, 29, 4, 0),
(1134, 'A', 23, 30, 4, 0),
(1135, 'A', 23, 31, 4, 0),
(1136, 'A', 23, 32, 4, 0),
(1137, 'A', 23, 33, 4, 0),
(1138, 'A', 23, 34, 4, 0),
(1139, 'A', 23, 35, 4, 0),
(1140, 'A', 23, 36, 4, 0),
(1141, 'A', 23, 37, 4, 0),
(1142, 'A', 23, 38, 4, 0),
(1143, 'A', 23, 39, 4, 0),
(1144, 'A', 23, 41, 4, 0),
(1145, 'A', 23, 42, 4, 0),
(1146, 'A', 23, 43, 4, 0),
(1147, 'A', 23, 44, 4, 0),
(1148, 'A', 23, 45, 4, 0),
(1149, 'A', 23, 46, 4, 0),
(1150, 'A', 23, 47, 4, 0),
(1151, 'A', 23, 48, 4, 0),
(1152, 'A', 23, 49, 4, 0),
(1153, 'A', 23, 50, 4, 0),
(1154, 'A', 23, 51, 4, 0),
(1155, 'A', 23, 52, 4, 0),
(1156, 'A', 23, 53, 4, 0),
(1157, 'A', 23, 54, 4, 0),
(1158, 'A', 23, 55, 4, 0),
(1159, 'A', 23, 56, 4, 0),
(1160, 'A', 23, 57, 4, 0),
(1161, 'A', 23, 58, 4, 0),
(1162, 'A', 23, 59, 4, 0),
(1163, 'A', 23, 60, 4, 0),
(1164, 'A', 46, 1, 2, 0),
(1165, 'A', 46, 1, 4, 0),
(1166, 'A', 46, 1, 1, 0),
(1167, 'A', 48, 1, 4, 0),
(1168, 'A', 48, 1, 2, 0),
(1169, 'A', 2, 1, 10, 0),
(1170, 'A', 48, 1, 10, 0),
(1171, 'A', 3, 1, 10, 0),
(1172, 'A', 4, 1, 10, 0),
(1173, 'A', 32, 1, 10, 0),
(1174, 'A', 5, 1, 10, 0),
(1175, 'A', 47, 1, 10, 0),
(1176, 'A', 3, 3, 10, 0),
(1177, 'A', 2, 2, 10, 0),
(1178, 'A', 2, 3, 10, 0),
(1179, 'A', 4, 2, 10, 0),
(1180, 'A', 4, 3, 10, 0),
(1181, 'A', 32, 2, 10, 0),
(1182, 'A', 32, 3, 10, 0),
(1183, 'A', 5, 2, 10, 0),
(1184, 'A', 5, 3, 10, 0),
(1185, 'A', 47, 2, 10, 0),
(1186, 'A', 47, 3, 10, 0),
(1187, 'A', 47, 4, 10, 1),
(1188, 'A', 48, 3, 10, 0),
(1189, 'A', 30, 2, 8, 0),
(1190, 'A', 30, 3, 8, 0),
(1191, 'A', 23, 52, 8, 0),
(1192, 'A', 29, 3, 8, 0),
(1193, 'A', 3, 53, 4, 0),
(1194, 'A', 2, 53, 2, 0),
(1195, 'A', 48, 53, 4, 0),
(1196, 'A', 48, 53, 2, 0),
(1197, 'A', 6, 62, 2, 0),
(1198, 'A', 4, 63, 1, 0),
(1199, 'A', 4, 39, 4, 0),
(1200, 'A', 4, 35, 4, 0),
(1201, 'A', 4, 39, 2, 0),
(1202, 'A', 4, 41, 4, 0),
(1203, 'A', 5, 41, 4, 0),
(1204, 'A', 24, 2, 4, 0),
(1205, 'A', 24, 3, 4, 0),
(1206, 'A', 30, 2, 4, 0),
(1207, 'A', 30, 3, 4, 0),
(1208, 'A', 22, 6, 2, 0),
(1209, 'A', 22, 6, 8, 0);


ALTER TABLE operaciones
  ADD CONSTRAINT FKEAB8C1C6B2FBD22A FOREIGN KEY (opcion_id) REFERENCES opciones (id);

ALTER TABLE roles_usuarios
  ADD CONSTRAINT FKC9AC5A471204E6CA FOREIGN KEY (usuario_id) REFERENCES usuarios (id),
  ADD CONSTRAINT FKC9AC5A4767EBF2A FOREIGN KEY (rol_id) REFERENCES roles (id);

ALTER TABLE rol_opcion_operacion
  ADD CONSTRAINT FKD4E68CAF3B3E328A FOREIGN KEY (operacion_id) REFERENCES operaciones (id),
  ADD CONSTRAINT FKD4E68CAF67EBF2A FOREIGN KEY (rol_id) REFERENCES roles (id),
  ADD CONSTRAINT FKD4E68CAFB2FBD22A FOREIGN KEY (opcion_id) REFERENCES opciones (id);
SET FOREIGN_KEY_CHECKS=1;

/*!40101 SET CHARACTER_SET_CLIENT=@OLD_CHARACTER_SET_CLIENT */;
/*!40101 SET CHARACTER_SET_RESULTS=@OLD_CHARACTER_SET_RESULTS */;
/*!40101 SET COLLATION_CONNECTION=@OLD_COLLATION_CONNECTION */;
